{"cameraMode":{"drawMode":0,"name":"Shaded","section":"Shading Mode"},"sceneLighting":true,"audioPlay":false,"sceneViewState":{"m_AlwaysRefresh":false,"showFog":true,"showSkybox":true,"showFlares":true,"showImageEffects":true,"showParticleSystems":true,"showVisualEffectGraphs":true,"m_FxEnabled":true},"in2DMode":false,"pivot":{"x":-0.37999218702316286,"y":2.5567378997802736,"z":2.5141220092773439},"rotation":{"x":-0.0015536044957116247,"y":0.9965266585350037,"z":-0.08120645582675934,"w":-0.019136441871523858},"size":4.544386386871338,"orthographic":false}